link,おすすめコメント
https://realestate.yahoo.co.jp/rent/detail/_0000011743266728e0ec568491c7b3e6ac4b874050f4/,中島公園駅から徒歩5分の好立地、自然豊かな公園がすぐそばにあり、快適な都市生活が楽しめます！2LDKの広々とした空間で、あなたの理想のライフスタイルを実現してください。
https://realestate.yahoo.co.jp/rent/detail/_000001165758b65d89b9a4af038352da9ca58aea3110/,"コメント生成エラー: Error code: 429 - {'error': {'message': 'Rate limit reached for gpt-4o-mini in organization org-xIu1hzjIHlugL8tiTZn48Ffm on requests per min (RPM): Limit 3, Used 3, Requested 1. Please try again in 20s. Visit https://platform.openai.com/account/rate-limits to learn more. You can increase your rate limit by adding a payment method to your account at https://platform.openai.com/account/billing.', 'type': 'requests', 'param': None, 'code': 'rate_limit_exceeded'}}"
https://realestate.yahoo.co.jp/rent/detail/0000013927191824514b05c6509b85311ba3e9eeec1c/,"コメント生成エラー: Error code: 429 - {'error': {'message': 'Rate limit reached for gpt-4o-mini in organization org-xIu1hzjIHlugL8tiTZn48Ffm on requests per min (RPM): Limit 3, Used 3, Requested 1. Please try again in 20s. Visit https://platform.openai.com/account/rate-limits to learn more. You can increase your rate limit by adding a payment method to your account at https://platform.openai.com/account/billing.', 'type': 'requests', 'param': None, 'code': 'rate_limit_exceeded'}}"
https://realestate.yahoo.co.jp/rent/detail/00000139271953765b0952580368320321685db8c8d2/,"コメント生成エラー: Error code: 429 - {'error': {'message': 'Rate limit reached for gpt-4o-mini in organization org-xIu1hzjIHlugL8tiTZn48Ffm on requests per min (RPM): Limit 3, Used 3, Requested 1. Please try again in 20s. Visit https://platform.openai.com/account/rate-limits to learn more. You can increase your rate limit by adding a payment method to your account at https://platform.openai.com/account/billing.', 'type': 'requests', 'param': None, 'code': 'rate_limit_exceeded'}}"
https://realestate.yahoo.co.jp/rent/detail/00000141622074ace645095f4c289b7632b73013a710/,"コメント生成エラー: Error code: 429 - {'error': {'message': 'Rate limit reached for gpt-4o-mini in organization org-xIu1hzjIHlugL8tiTZn48Ffm on requests per min (RPM): Limit 3, Used 3, Requested 1. Please try again in 20s. Visit https://platform.openai.com/account/rate-limits to learn more. You can increase your rate limit by adding a payment method to your account at https://platform.openai.com/account/billing.', 'type': 'requests', 'param': None, 'code': 'rate_limit_exceeded'}}"
https://realestate.yahoo.co.jp/rent/detail/0000012873056a522994a1f79b53370c83f1d074f78c/,ノースアージュ中島公園は、便利な交通アクセスと快適な2LDKの間取りが魅力です。都会の喧騒を忘れさせる中島公園の近くで、心地よい生活を始めませんか？
https://realestate.yahoo.co.jp/rent/detail/_0000012873056a522994a1f79b53370c83f1d074f78c/,中島公園通駅から徒歩2分の好立地で、便利なアクセスが魅力の2LDK物件です。広々とした46.59m²の空間で、快適な都市生活を楽しめます！
https://realestate.yahoo.co.jp/rent/detail/0000058367424e4801cacd56b5a7a645468177fc33e1/,"コメント生成エラー: Error code: 429 - {'error': {'message': 'Rate limit reached for gpt-4o-mini in organization org-xIu1hzjIHlugL8tiTZn48Ffm on requests per min (RPM): Limit 3, Used 3, Requested 1. Please try again in 20s. Visit https://platform.openai.com/account/rate-limits to learn more. You can increase your rate limit by adding a payment method to your account at https://platform.openai.com/account/billing.', 'type': 'requests', 'param': None, 'code': 'rate_limit_exceeded'}}"
https://realestate.yahoo.co.jp/rent/detail/0000014156349b903cd98339cabbfd53463a5c88b765/,"コメント生成エラー: Error code: 429 - {'error': {'message': 'Rate limit reached for gpt-4o-mini in organization org-xIu1hzjIHlugL8tiTZn48Ffm on requests per min (RPM): Limit 3, Used 3, Requested 1. Please try again in 20s. Visit https://platform.openai.com/account/rate-limits to learn more. You can increase your rate limit by adding a payment method to your account at https://platform.openai.com/account/billing.', 'type': 'requests', 'param': None, 'code': 'rate_limit_exceeded'}}"
https://realestate.yahoo.co.jp/rent/detail/000000932180c391a2961f821afd614180a4b2f5c95f/,"コメント生成エラー: Error code: 429 - {'error': {'message': 'Rate limit reached for gpt-4o-mini in organization org-xIu1hzjIHlugL8tiTZn48Ffm on requests per min (RPM): Limit 3, Used 3, Requested 1. Please try again in 20s. Visit https://platform.openai.com/account/rate-limits to learn more. You can increase your rate limit by adding a payment method to your account at https://platform.openai.com/account/billing.', 'type': 'requests', 'param': None, 'code': 'rate_limit_exceeded'}}"
https://realestate.yahoo.co.jp/rent/detail/00000137152271a4eb74f83060ffda0a2c914330f50c/,"コメント生成エラー: Error code: 429 - {'error': {'message': 'Rate limit reached for gpt-4o-mini in organization org-xIu1hzjIHlugL8tiTZn48Ffm on requests per min (RPM): Limit 3, Used 3, Requested 1. Please try again in 20s. Visit https://platform.openai.com/account/rate-limits to learn more. You can increase your rate limit by adding a payment method to your account at https://platform.openai.com/account/billing.', 'type': 'requests', 'param': None, 'code': 'rate_limit_exceeded'}}"
https://realestate.yahoo.co.jp/rent/detail/00000794701524914dcc2c26f9464286b07a482a94a2/,最新の設備が整った築2年の2LDK物件で、快適な都市生活をお楽しみいただけます。地下鉄駅まで徒歩3分の好立地で、便利さと快適さを兼ね備えた理想の住まいです！
https://realestate.yahoo.co.jp/rent/detail/0000079470152c30b2b9fa13fc4f7d1ff3b55a618b6d/,「アルファスクエア北12西3」は、最新の設備が整った築2年の3LDK物件で、快適な生活空間を提供します。地下鉄北12条駅から徒歩3分の好立地で、便利な都市生活を実現しましょう！
